complex,finished,receptor,ligand,outside_found,chosen_rank,score,relaxed,closer_pep_term,has_x
5ht1b_human-137,True,5ht1b_human,137,True,4,0.55,True,C,False
5ht1d_human-137,True,5ht1d_human,137,True,4,0.55,True,N,False
ackr1_human-753,True,ackr1_human,753,True,0,0.8,True,N,False
ackr1_human-758,True,ackr1_human,758,True,0,0.84,True,N,False
ackr1_human-759,True,ackr1_human,759,True,0,0.79,True,N,False
ackr1_human-769,True,ackr1_human,769,True,0,0.85,True,N,False
ackr1_human-771,True,ackr1_human,771,True,0,0.85,True,N,False
ackr1_human-797,True,ackr1_human,797,True,0,0.81,True,N,False
ackr1_human-820,True,ackr1_human,820,True,0,0.77,True,N,False
ackr1_human-821,True,ackr1_human,821,True,0,0.84,True,N,False
ackr1_human-829,True,ackr1_human,829,True,0,0.78,True,N,False
ackr1_human-836,True,ackr1_human,836,True,0,0.84,True,N,False
ackr2_human-753,True,ackr2_human,753,True,0,0.79,True,N,False
ackr2_human-756,True,ackr2_human,756,True,0,0.86,True,N,False
ackr2_human-757,True,ackr2_human,757,True,0,0.86,True,N,False
ackr2_human-758,True,ackr2_human,758,True,0,0.84,True,N,False
ackr2_human-759,True,ackr2_human,759,True,0,0.81,True,N,False
ackr2_human-769,True,ackr2_human,769,True,0,0.79,True,N,False
ackr2_human-770,True,ackr2_human,770,True,0,0.81,True,N,False
ackr2_human-771,True,ackr2_human,771,True,0,0.81,True,N,False
ackr2_human-772,True,ackr2_human,772,True,0,0.81,True,N,False
ackr2_human-797,True,ackr2_human,797,True,0,0.8,True,N,False
ackr2_human-798,True,ackr2_human,798,True,0,0.74,True,N,False
ackr3_human-4358,True,ackr3_human,4358,True,0,0.81,True,N,False
ackr3_human-836,True,ackr3_human,836,True,0,0.75,True,N,False
ackr3_rat-697,True,ackr3_rat,697,True,0,0.44,True,N,False
ackr4_human-810,True,ackr4_human,810,True,0,0.85,True,N,False
ackr4_human-811,True,ackr4_human,811,True,0,0.68,True,N,False
ackr4_human-817,True,ackr4_human,817,True,0,0.64,True,N,False
acthr_human-3633,True,acthr_human,3633,True,0,0.34,True,N,False
acthr_mouse-1331,True,acthr_mouse,1331,True,0,0.35,True,N,False
agtr1_human-2504,True,agtr1_human,2504,True,0,0.86,True,C,False
agtr1_human-5368,True,agtr1_human,5368,True,0,0.66,True,C,False
agtr1_human-585,True,agtr1_human,585,True,0,0.84,True,C,False
agtr1_human-6894,True,agtr1_human,6894,True,0,0.84,True,C,False
agtr2_human-2504,True,agtr2_human,2504,True,0,0.9,True,C,False
agtr2_human-5578,True,agtr2_human,5578,True,0,0.91,True,C,False
agtr2_human-585,True,agtr2_human,585,True,0,0.91,True,C,False
agtrb_rat-6894,True,agtrb_rat,6894,True,0,0.85,True,C,False
apj_human-3555,True,apj_human,3555,True,0,0.64,True,C,False
apj_human-3556,True,apj_human,3556,True,0,0.81,True,C,False
apj_human-599,True,apj_human,599,True,0,0.84,False,C,True
apj_human-602,True,apj_human,602,True,0,0.8,True,C,False
apj_human-606,True,apj_human,606,True,0,0.6,True,C,False
apj_human-7930,True,apj_human,7930,True,0,0.49,True,C,False
apj_human-7931,True,apj_human,7931,True,0,0.58,True,C,False
apj_human-8525,True,apj_human,8525,True,0,0.56,True,C,False
apj_human-8526,True,apj_human,8526,True,0,0.61,True,C,False
bkrb1_human-3578,True,bkrb1_human,3578,True,0,0.79,False,C,True
bkrb1_human-3580,True,bkrb1_human,3580,True,0,0.84,False,C,True
bkrb1_human-3812,True,bkrb1_human,3812,True,0,0.8,True,C,False
bkrb1_human-3825,True,bkrb1_human,3825,True,0,0.89,True,C,False
bkrb1_human-639,True,bkrb1_human,639,True,0,0.89,True,C,False
bkrb1_human-646,True,bkrb1_human,646,True,0,0.82,True,C,False
bkrb1_human-650,True,bkrb1_human,650,True,0,0.8,True,C,False
bkrb1_mouse-3812,True,bkrb1_mouse,3812,True,0,0.77,True,C,False
bkrb1_mouse-3825,True,bkrb1_mouse,3825,True,0,0.81,True,C,False
bkrb1_mouse-646,True,bkrb1_mouse,646,True,0,0.81,True,C,False
bkrb1_mouse-650,True,bkrb1_mouse,650,True,0,0.77,True,C,False
bkrb1_rat-3812,True,bkrb1_rat,3812,True,0,0.78,True,C,False
bkrb1_rat-3825,True,bkrb1_rat,3825,True,0,0.84,True,C,False
bkrb1_rat-639,True,bkrb1_rat,639,True,0,0.83,True,C,False
bkrb1_rat-650,True,bkrb1_rat,650,True,0,0.77,True,C,False
bkrb2_human-3578,True,bkrb2_human,3578,True,0,0.9,False,C,True
bkrb2_human-3580,True,bkrb2_human,3580,True,0,0.88,False,C,True
bkrb2_human-3812,True,bkrb2_human,3812,True,0,0.9,True,C,False
bkrb2_human-3825,True,bkrb2_human,3825,True,0,0.88,True,C,False
bkrb2_human-639,True,bkrb2_human,639,True,0,0.89,True,C,False
bkrb2_human-646,True,bkrb2_human,646,True,0,0.89,True,C,False
bkrb2_human-650,True,bkrb2_human,650,True,0,0.89,True,C,False
bkrb2_mouse-3812,True,bkrb2_mouse,3812,True,0,0.73,True,C,False
bkrb2_mouse-646,True,bkrb2_mouse,646,True,0,0.68,True,C,False
bkrb2_mouse-650,True,bkrb2_mouse,650,True,0,0.83,True,C,False
c3ar_human-3576,True,c3ar_human,3576,True,0,0.75,True,C,False
c3ar_human-3577,True,c3ar_human,3577,True,0,0.53,True,C,False
c3ar_human-3640,True,c3ar_human,3640,True,0,0.69,True,C,False
c3ar_human-3641,True,c3ar_human,3641,True,0,0.64,True,C,False
c3ar_human-3642,True,c3ar_human,3642,True,0,0.26,True,C,False
c3ar_human-573,True,c3ar_human,573,True,0,0.5,True,C,False
c5ar1_human-3576,True,c5ar1_human,3576,True,0,0.87,True,C,False
c5ar1_human-3577,True,c5ar1_human,3577,True,0,0.86,True,C,False
c5ar1_human-3640,True,c5ar1_human,3640,True,0,0.52,True,C,False
c5ar1_human-3641,True,c5ar1_human,3641,True,0,0.54,True,C,False
c5ar1_human-3642,True,c5ar1_human,3642,True,0,0.52,True,C,False
c5ar1_human-3728,True,c5ar1_human,3728,True,0,0.32,True,C,False
c5ar1_human-573,True,c5ar1_human,573,True,0,0.88,True,C,False
c5ar1_human-574,True,c5ar1_human,574,True,0,0.89,True,C,False
c5ar2_human-573,True,c5ar2_human,573,True,0,0.87,True,C,False
c5ar2_human-574,True,c5ar2_human,574,True,0,0.88,True,C,False
cckar_human-10221,True,cckar_human,10221,True,0,0.44,True,C,False
cckar_human-3550,True,cckar_human,3550,True,0,0.52,True,C,False
cckar_human-3551,True,cckar_human,3551,True,0,0.53,True,C,False
cckar_human-3552,True,cckar_human,3552,True,0,0.44,True,C,False
cckar_human-3559,True,cckar_human,3559,True,0,0.64,False,C,True
cckar_human-3560,True,cckar_human,3560,True,1,0.84,False,C,True
cckar_human-3561,True,cckar_human,3561,True,0,0.73,False,C,True
cckar_human-860,True,cckar_human,860,True,0,0.51,True,C,False
cckar_human-861,True,cckar_human,861,True,0,0.68,True,C,False
cckar_human-864,True,cckar_human,864,True,0,0.75,True,C,False
cckar_rat-860,True,cckar_rat,860,True,0,0.62,True,C,False
cckar_rat-864,True,cckar_rat,864,True,0,0.85,True,C,False
ccr10_human-3646,True,ccr10_human,3646,True,0,0.8,True,N,False
ccr10_human-3649,True,ccr10_human,3649,True,0,0.71,True,N,False
ccr10_human-4462,True,ccr10_human,4462,True,0,0.76,True,N,False
ccr10_human-4463,True,ccr10_human,4463,True,0,0.69,True,N,False
ccr1_human-1272,True,ccr1_human,1272,True,0,0.73,True,N,False
ccr1_human-4408,True,ccr1_human,4408,True,0,0.91,True,N,False
ccr1_human-4409,True,ccr1_human,4409,True,0,0.91,True,N,False
ccr1_human-4410,True,ccr1_human,4410,True,0,0.91,True,N,False
ccr1_human-4411,True,ccr1_human,4411,True,0,0.91,True,N,False
ccr1_human-4412,True,ccr1_human,4412,True,0,0.89,True,N,False
ccr1_human-4413,True,ccr1_human,4413,True,0,0.81,True,N,False
ccr1_human-4414,True,ccr1_human,4414,True,0,0.81,True,N,False
ccr1_human-4415,True,ccr1_human,4415,True,0,0.81,True,N,False
ccr1_human-753,True,ccr1_human,753,True,0,0.83,True,N,False
ccr1_human-754,True,ccr1_human,754,True,0,0.77,True,C,False
ccr1_human-755,True,ccr1_human,755,True,0,0.77,True,C,False
ccr1_human-756,True,ccr1_human,756,True,0,0.91,True,N,False
ccr1_human-757,True,ccr1_human,757,True,0,0.91,True,N,False
ccr1_human-758,True,ccr1_human,758,True,0,0.89,True,N,False
ccr1_human-759,True,ccr1_human,759,True,0,0.84,True,N,False
ccr1_human-770,True,ccr1_human,770,True,0,0.8,True,N,False
ccr1_human-772,True,ccr1_human,772,True,0,0.84,True,N,False
ccr2_human-1272,True,ccr2_human,1272,True,0,0.67,True,N,False
ccr2_human-4406,True,ccr2_human,4406,True,0,0.65,True,N,False
ccr2_human-4407,True,ccr2_human,4407,True,0,0.63,True,N,False
ccr2_human-4413,True,ccr2_human,4413,True,0,0.81,True,N,False
ccr2_human-4414,True,ccr2_human,4414,True,0,0.81,True,N,False
ccr2_human-4415,True,ccr2_human,4415,True,0,0.74,True,N,False
ccr2_human-4416,True,ccr2_human,4416,True,0,0.82,True,N,False
ccr2_human-759,True,ccr2_human,759,True,0,0.8,True,N,False
ccr2_human-769,True,ccr2_human,769,True,0,0.79,True,N,False
ccr2_human-770,True,ccr2_human,770,True,0,0.8,True,N,False
ccr2_human-771,True,ccr2_human,771,True,0,0.83,True,N,False
ccr2_human-772,True,ccr2_human,772,True,0,0.8,True,N,False
ccr2_human-775,True,ccr2_human,775,True,0,0.65,True,N,False
ccr2_human-776,True,ccr2_human,776,True,0,0.75,True,N,False
ccr2_human-787,True,ccr2_human,787,True,0,0.83,True,N,False
ccr3_human-3649,True,ccr3_human,3649,True,0,0.68,True,N,False
ccr3_human-4406,True,ccr3_human,4406,True,0,0.54,True,N,False
ccr3_human-4407,True,ccr3_human,4407,True,0,0.62,True,N,False
ccr3_human-4412,True,ccr3_human,4412,True,0,0.86,True,N,False
ccr3_human-4413,True,ccr3_human,4413,True,0,0.63,True,N,False
ccr3_human-4414,True,ccr3_human,4414,True,0,0.64,True,N,False
ccr3_human-4415,True,ccr3_human,4415,True,0,0.8,True,N,False
ccr3_human-4416,True,ccr3_human,4416,True,0,0.75,True,N,False
ccr3_human-4421,True,ccr3_human,4421,True,0,0.71,True,N,False
ccr3_human-4429,True,ccr3_human,4429,True,0,0.65,True,N,False
ccr3_human-4430,True,ccr3_human,4430,True,0,0.74,True,N,False
ccr3_human-4431,True,ccr3_human,4431,True,0,0.76,True,N,False
ccr3_human-4432,True,ccr3_human,4432,True,0,0.82,True,N,False
ccr3_human-4463,True,ccr3_human,4463,True,0,0.6,True,N,False
ccr3_human-754,True,ccr3_human,754,True,0,0.71,True,C,False
ccr3_human-758,True,ccr3_human,758,True,0,0.84,True,N,False
ccr3_human-759,True,ccr3_human,759,True,0,0.74,True,N,False
ccr3_human-769,True,ccr3_human,769,True,0,0.77,True,N,False
ccr3_human-770,True,ccr3_human,770,True,0,0.75,True,N,False
ccr3_human-771,True,ccr3_human,771,True,0,0.74,True,N,False
ccr3_human-772,True,ccr3_human,772,True,0,0.77,True,N,False
ccr3_human-775,True,ccr3_human,775,True,0,0.7,True,N,False
ccr3_human-776,True,ccr3_human,776,True,0,0.79,True,N,False
ccr3_human-787,True,ccr3_human,787,True,0,0.73,True,N,False
ccr3_human-835,True,ccr3_human,835,True,0,0.74,True,N,False
ccr3_human-836,True,ccr3_human,836,True,0,0.8,True,N,False
ccr3_human-837,True,ccr3_human,837,True,0,0.66,True,N,False
ccr4_human-4420,True,ccr4_human,4420,True,0,0.89,True,N,False
ccr4_human-797,True,ccr4_human,797,True,0,0.86,True,N,False
ccr4_human-798,True,ccr4_human,798,True,0,0.88,True,N,False
ccr5_human-1272,True,ccr5_human,1272,True,0,0.69,True,N,False
ccr5_human-4406,True,ccr5_human,4406,True,0,0.62,True,N,False
ccr5_human-4407,True,ccr5_human,4407,True,0,0.63,True,N,False
ccr5_human-4408,True,ccr5_human,4408,True,0,0.9,True,N,False
ccr5_human-4409,True,ccr5_human,4409,True,0,0.91,True,N,False
ccr5_human-4410,True,ccr5_human,4410,True,0,0.9,True,N,False
ccr5_human-4411,True,ccr5_human,4411,True,0,0.9,True,N,False
ccr5_human-4412,True,ccr5_human,4412,True,0,0.9,True,N,False
ccr5_human-4413,True,ccr5_human,4413,True,0,0.8,True,N,False
ccr5_human-4414,True,ccr5_human,4414,True,0,0.82,True,N,False
ccr5_human-4415,True,ccr5_human,4415,True,0,0.76,True,N,False
ccr5_human-4416,True,ccr5_human,4416,True,0,0.83,True,N,False
ccr5_human-753,True,ccr5_human,753,True,0,0.82,True,N,False
ccr5_human-756,True,ccr5_human,756,True,0,0.9,True,N,False
ccr5_human-757,True,ccr5_human,757,True,0,0.9,True,N,False
ccr5_human-758,True,ccr5_human,758,True,0,0.9,True,N,False
ccr5_human-759,True,ccr5_human,759,True,0,0.8,True,N,False
ccr5_human-769,True,ccr5_human,769,True,0,0.82,True,N,False
ccr5_human-770,True,ccr5_human,770,True,0,0.75,True,N,False
ccr5_human-771,True,ccr5_human,771,True,0,0.8,True,N,False
ccr5_human-772,True,ccr5_human,772,True,0,0.81,True,N,False
ccr5_human-787,True,ccr5_human,787,True,0,0.85,True,N,False
ccr6_human-3648,True,ccr6_human,3648,False,,,True,N,False
ccr6_human-4418,True,ccr6_human,4418,True,0,0.83,True,N,False
ccr6_human-4419,True,ccr6_human,4419,True,0,0.83,True,N,False
ccr6_human-808,True,ccr6_human,808,True,0,0.85,True,N,False
ccr7_human-810,True,ccr7_human,810,True,0,0.81,True,N,False
ccr7_human-811,True,ccr7_human,811,True,0,0.63,True,N,False
ccr7_human-8652,True,ccr7_human,8652,True,0,0.61,True,N,False
ccr7_mouse-4417,True,ccr7_mouse,4417,True,0,0.78,True,N,False
ccr7_mouse-8651,True,ccr7_mouse,8651,True,0,0.62,True,N,False
ccr7_mouse-8652,True,ccr7_mouse,8652,True,0,0.61,True,N,False
ccr8_human-4404,True,ccr8_human,4404,True,0,0.77,True,N,False
ccr8_human-4415,True,ccr8_human,4415,True,0,0.68,True,N,False
ccr8_human-812,True,ccr8_human,812,True,0,0.79,True,N,False
ccr9_human-4422,True,ccr9_human,4422,True,0,0.69,True,N,False
ccr9_human-817,True,ccr9_human,817,True,0,0.69,True,N,False
ccrl2_human-3422,True,ccrl2_human,3422,True,0,0.45,True,C,False
ccrl2_human-4417,True,ccrl2_human,4417,True,0,0.49,True,N,False
ccrl2_human-810,True,ccrl2_human,810,True,0,0.29,True,C,False
cml1_human-2945,True,cml1_human,2945,True,0,0.66,True,C,False
cml1_human-3422,True,cml1_human,3422,True,0,0.6,True,C,False
cml2_human-2945,True,cml2_human,2945,True,0,0.71,True,C,False
cx3c1_human-4468,True,cx3c1_human,4468,True,0,0.73,True,C,False
cx3c1_human-4469,True,cx3c1_human,4469,True,0,0.72,True,N,False
cx3c1_human-856,True,cx3c1_human,856,True,0,0.72,True,C,False
cxcr1_human-3729,True,cxcr1_human,3729,True,0,0.23,True,C,False
cxcr1_human-820,True,cxcr1_human,820,True,0,0.79,True,N,False
cxcr1_human-821,True,cxcr1_human,821,True,0,0.83,True,N,False
cxcr2_human-4423,True,cxcr2_human,4423,True,0,0.82,True,N,False
cxcr2_human-4424,True,cxcr2_human,4424,True,0,0.82,True,N,False
cxcr2_human-4425,True,cxcr2_human,4425,True,0,0.82,True,N,False
cxcr2_human-4426,True,cxcr2_human,4426,True,0,0.8,True,N,False
cxcr2_human-4427,True,cxcr2_human,4427,True,0,0.81,True,N,False
cxcr2_human-4428,True,cxcr2_human,4428,True,0,0.71,True,N,False
cxcr2_human-4464,True,cxcr2_human,4464,True,0,0.72,True,N,False
cxcr2_human-819,True,cxcr2_human,819,True,0,0.84,True,N,False
cxcr2_human-820,True,cxcr2_human,820,True,0,0.8,True,N,False
cxcr2_human-821,True,cxcr2_human,821,True,0,0.83,True,N,False
cxcr2_human-826,True,cxcr2_human,826,True,0,0.82,True,N,False
cxcr2_human-827,True,cxcr2_human,827,True,0,0.84,True,N,False
cxcr2_human-828,True,cxcr2_human,828,True,0,0.83,True,N,False
cxcr2_human-829,True,cxcr2_human,829,True,0,0.77,True,N,False
cxcr2_human-830,True,cxcr2_human,830,True,0,0.8,True,N,False
cxcr2_mouse-819,True,cxcr2_mouse,819,True,0,0.84,True,N,False
cxcr2_mouse-821,True,cxcr2_mouse,821,True,0,0.84,True,N,False
cxcr3_human-4358,True,cxcr3_human,4358,True,0,0.82,True,N,False
cxcr3_human-4429,True,cxcr3_human,4429,True,0,0.67,True,N,False
cxcr3_human-4430,True,cxcr3_human,4430,True,0,0.76,True,N,False
cxcr3_human-4431,True,cxcr3_human,4431,True,0,0.79,True,N,False
cxcr3_human-4432,True,cxcr3_human,4432,True,0,0.85,True,N,False
cxcr3_human-758,True,cxcr3_human,758,True,0,0.74,True,N,False
cxcr3_human-759,True,cxcr3_human,759,True,0,0.74,True,N,False
cxcr3_human-769,True,cxcr3_human,769,True,0,0.75,True,N,False
cxcr3_human-770,True,cxcr3_human,770,True,0,0.71,True,N,False
cxcr3_human-808,True,cxcr3_human,808,True,0,0.84,True,N,False
cxcr3_human-810,True,cxcr3_human,810,True,0,0.71,True,N,False
cxcr3_human-835,True,cxcr3_human,835,True,0,0.8,True,N,False
cxcr3_human-836,True,cxcr3_human,836,True,0,0.85,True,N,False
cxcr3_human-837,True,cxcr3_human,837,True,0,0.69,True,N,False
cxcr4_human-4358,True,cxcr4_human,4358,True,0,0.8,True,N,False
cxcr4_human-4465,True,cxcr4_human,4465,True,0,0.78,True,N,False
cxcr4_human-845,True,cxcr4_human,845,True,0,0.77,True,N,False
cxcr4_human-8530,True,cxcr4_human,8530,True,0,0.71,True,N,False
cxcr4_human-8531,True,cxcr4_human,8531,True,0,0.71,True,N,False
cxcr4_human-8532,True,cxcr4_human,8532,True,0,0.79,True,N,False
cxcr4_human-8533,True,cxcr4_human,8533,True,0,0.75,True,N,False
cxcr5_human-3645,True,cxcr5_human,3645,True,0,0.72,True,N,False
cxcr5_human-4466,True,cxcr5_human,4466,True,0,0.69,True,N,False
cxcr6_human-4433,True,cxcr6_human,4433,True,0,0.6,True,N,False
cxcr6_human-4467,True,cxcr6_human,4467,True,0,0.64,True,N,False
cxcr6_human-855,True,cxcr6_human,855,True,0,0.65,True,N,False
ednra_human-1004,True,ednra_human,1004,True,0,0.91,True,C,False
ednra_human-3546,True,ednra_human,3546,True,0,0.91,True,C,False
ednra_human-989,True,ednra_human,989,True,0,0.91,True,C,False
ednra_human-990,True,ednra_human,990,True,0,0.91,True,C,False
ednrb_human-1004,True,ednrb_human,1004,True,0,0.92,True,C,False
ednrb_human-3546,True,ednrb_human,3546,True,0,0.92,True,C,False
ednrb_human-989,True,ednrb_human,989,True,0,0.92,True,C,False
ednrb_human-990,True,ednrb_human,990,True,0,0.91,True,C,False
ednrb_rat-1004,True,ednrb_rat,1004,True,0,0.92,True,C,False
fpr1_human-1022,True,fpr1_human,1022,True,0,0.71,True,N,False
fpr1_human-1026,True,fpr1_human,1026,True,0,0.68,True,N,False
fpr1_human-1031,True,fpr1_human,1031,False,,,True,C,False
fpr1_human-3568,True,fpr1_human,3568,False,,,True,N,False
fpr1_human-3569,True,fpr1_human,3569,False,,,True,C,False
fpr1_human-3570,True,fpr1_human,3570,True,0,0.69,True,N,False
fpr1_human-3571,True,fpr1_human,3571,True,3,0.44,True,N,False
fpr1_human-3572,True,fpr1_human,3572,True,0,0.49,True,N,False
fpr1_mouse-1026,True,fpr1_mouse,1026,True,0,0.68,True,N,False
fpr2_human-1022,True,fpr2_human,1022,True,0,0.69,True,C,False
fpr2_human-1031,True,fpr2_human,1031,False,,,True,N,False
fpr2_human-1047,True,fpr2_human,1047,True,0,0.53,True,N,False
fpr2_human-3568,True,fpr2_human,3568,False,,,True,C,False
fpr2_human-3569,True,fpr2_human,3569,False,,,True,N,False
fpr2_human-5527,True,fpr2_human,5527,True,0,0.37,True,C,False
fpr2_human-6242,True,fpr2_human,6242,True,0,0.24,True,N,False
fpr2_human-6244,True,fpr2_human,6244,True,0,0.54,True,N,False
fpr2_mouse-1047,True,fpr2_mouse,1047,True,0,0.5,True,N,False
fpr2_mouse-6266,True,fpr2_mouse,6266,True,0,0.26,True,N,False
fpr3_human-1044,True,fpr3_human,1044,True,0,0.55,True,N,False
fpr3_human-1047,True,fpr3_human,1047,True,0,0.66,True,N,False
fpr3_human-3574,True,fpr3_human,3574,True,0,0.58,True,N,False
fpr3_human-3935,True,fpr3_human,3935,True,0,0.61,True,N,False
fshr_human-1157,True,fshr_human,1157,False,,,False,N,True
g37l1_human-6067,True,g37l1_human,6067,False,,,True,N,False
galr1_human-3593,True,galr1_human,3593,True,0,0.75,True,N,False
galr1_human-3594,True,galr1_human,3594,True,0,0.74,True,N,False
galr1_human-3595,True,galr1_human,3595,True,0,0.74,True,N,False
galr1_human-3596,True,galr1_human,3596,True,0,0.74,True,N,False
galr1_human-6090,True,galr1_human,6090,True,0,0.75,True,N,False
galr1_mouse-3593,True,galr1_mouse,3593,True,0,0.76,True,N,False
galr1_rat-3593,True,galr1_rat,3593,True,0,0.78,True,N,False
galr1_rat-6090,True,galr1_rat,6090,True,0,0.76,True,N,False
galr2_human-11417,True,galr2_human,11417,True,0,0.89,True,N,False
galr2_human-3593,True,galr2_human,3593,True,0,0.74,True,N,False
galr2_human-3594,True,galr2_human,3594,True,0,0.67,True,N,False
galr2_human-3595,True,galr2_human,3595,True,0,0.7,True,N,False
galr2_human-3596,True,galr2_human,3596,True,0,0.69,True,N,False
galr2_human-6090,True,galr2_human,6090,True,0,0.69,True,N,False
galr2_mouse-3593,True,galr2_mouse,3593,True,0,0.73,True,N,False
galr2_rat-3593,True,galr2_rat,3593,True,0,0.71,True,N,False
galr2_rat-6090,True,galr2_rat,6090,True,0,0.71,True,N,False
galr3_human-11417,True,galr3_human,11417,True,0,0.9,True,N,False
galr3_human-3593,True,galr3_human,3593,True,0,0.71,True,N,False
galr3_human-3594,True,galr3_human,3594,True,0,0.71,True,N,False
galr3_human-3595,True,galr3_human,3595,True,0,0.7,True,N,False
galr3_human-3596,True,galr3_human,3596,True,0,0.7,True,N,False
galr3_human-6090,True,galr3_human,6090,True,0,0.72,True,N,False
galr3_rat-3593,True,galr3_rat,3593,True,0,0.71,True,N,False
galr3_rat-6090,True,galr3_rat,6090,True,0,0.68,True,N,False
gasr_human-10221,True,gasr_human,10221,True,0,0.63,True,C,False
gasr_human-3550,True,gasr_human,3550,True,0,0.5,True,C,False
gasr_human-3551,True,gasr_human,3551,True,1,0.47,True,C,False
gasr_human-3552,True,gasr_human,3552,True,2,0.34,True,C,False
gasr_human-3560,True,gasr_human,3560,True,4,0.47,False,C,True
gasr_human-3561,True,gasr_human,3561,True,0,0.48,False,C,True
gasr_human-8408,True,gasr_human,8408,True,0,0.61,False,C,True
gasr_human-8409,True,gasr_human,8409,True,0,0.63,False,C,True
gasr_human-8410,True,gasr_human,8410,True,0,0.61,True,C,False
gasr_human-8411,True,gasr_human,8411,False,,,True,C,False
gasr_human-860,True,gasr_human,860,True,2,0.46,True,C,False
gasr_human-861,True,gasr_human,861,True,0,0.68,True,C,False
gasr_human-864,True,gasr_human,864,True,0,0.82,True,C,False
gasr_mouse-3559,True,gasr_mouse,3559,True,2,0.57,False,C,True
ghsr_human-1099,True,ghsr_human,1099,True,0,0.5,True,N,False
ghsr_human-3597,True,ghsr_human,3597,True,0,0.69,True,N,False
ghsr_human-3600,True,ghsr_human,3600,True,0,0.5,True,N,False
ghsr_human-3601,True,ghsr_human,3601,True,0,0.72,True,N,False
gnrhr_human-1162,True,gnrhr_human,1162,True,0,0.57,False,N,True
gnrhr_human-1164,True,gnrhr_human,1164,True,0,0.55,False,C,True
gnrhr_mouse-1162,True,gnrhr_mouse,1162,True,0,0.57,False,N,True
gnrhr_rat-1162,True,gnrhr_rat,1162,True,0,0.56,False,N,True
gp182_rat-697,True,gp182_rat,697,True,0,0.42,True,N,False
gpr15_human-10567,True,gpr15_human,10567,True,0,0.31,True,C,False
gpr15_human-10568,True,gpr15_human,10568,True,0,0.54,True,C,False
gpr37_human-6067,True,gpr37_human,6067,False,,,True,N,False
gpr39_human-1579,True,gpr39_human,1579,True,2,0.46,False,C,True
gpr39_human-5336,True,gpr39_human,5336,False,,,True,C,False
gpr39_human-5337,True,gpr39_human,5337,False,,,True,C,False
gpr75_human-758,True,gpr75_human,758,True,2,0.35,True,N,False
grpr_human-3582,True,grpr_human,3582,True,0,0.64,True,C,False
grpr_human-3583,True,grpr_human,3583,True,0,0.63,True,C,False
grpr_human-612,True,grpr_human,612,True,0,0.6,True,C,False
grpr_human-613,True,grpr_human,613,True,0,0.83,True,C,False
grpr_human-6175,True,grpr_human,6175,True,0,0.76,True,C,False
grpr_mouse-612,True,grpr_mouse,612,True,0,0.56,True,C,False
grpr_mouse-613,True,grpr_mouse,613,True,0,0.83,True,C,False
grpr_rat-612,True,grpr_rat,612,True,0,0.58,True,C,False
grpr_rat-613,True,grpr_rat,613,True,0,0.81,True,C,False
grpr_rat-6178,True,grpr_rat,6178,True,0,0.65,True,C,False
hrh4_human-1272,True,hrh4_human,1272,False,,,True,N,False
kissr_human-1281,True,kissr_human,1281,True,0,0.85,True,C,False
kissr_human-1284,True,kissr_human,1284,True,0,0.82,True,C,False
kissr_human-1285,True,kissr_human,1285,True,0,0.81,True,C,False
kissr_human-1288,True,kissr_human,1288,True,0,0.63,True,C,False
kissr_human-3709,True,kissr_human,3709,True,0,0.64,True,C,False
kissr_human-3710,True,kissr_human,3710,True,0,0.64,True,C,False
kissr_human-3711,True,kissr_human,3711,True,0,0.57,True,C,False
kissr_rat-1281,True,kissr_rat,1281,True,0,0.57,True,C,False
kissr_rat-1284,True,kissr_rat,1284,True,0,0.8,True,C,False
kissr_rat-1285,True,kissr_rat,1285,True,0,0.81,True,C,False
kissr_rat-1288,True,kissr_rat,1288,True,0,0.62,True,C,False
lgr4_human-3697,True,lgr4_human,3697,True,0,0.65,True,N,False
lgr4_human-3698,True,lgr4_human,3698,True,0,0.64,True,N,False
lgr4_human-3699,True,lgr4_human,3699,True,0,0.64,True,N,False
lgr4_human-3700,True,lgr4_human,3700,True,0,0.63,True,N,False
lgr5_human-3697,True,lgr5_human,3697,True,0,0.68,True,N,False
lgr5_human-3698,True,lgr5_human,3698,True,0,0.65,True,N,False
lgr5_human-3699,True,lgr5_human,3699,True,0,0.67,True,N,False
lgr5_human-3700,True,lgr5_human,3700,True,0,0.66,True,N,False
lgr6_human-3697,True,lgr6_human,3697,True,0,0.63,True,N,False
lgr6_human-3698,True,lgr6_human,3698,True,0,0.62,True,N,False
lgr6_human-3699,True,lgr6_human,3699,True,0,0.63,True,N,False
lgr6_human-3700,True,lgr6_human,3700,True,0,0.62,True,N,False
lshr_human-1159,True,lshr_human,1159,True,0,0.87,False,C,True
lshr_human-1160,True,lshr_human,1160,True,0,0.81,False,C,True
mc3r_human-1320,True,mc3r_human,1320,True,0,0.85,True,C,False
mc3r_human-1331,True,mc3r_human,1331,True,0,0.64,True,N,False
mc3r_human-1333,True,mc3r_human,1333,True,0,0.53,True,N,False
mc3r_human-1335,True,mc3r_human,1335,True,0,0.38,True,C,False
mc3r_human-3606,True,mc3r_human,3606,True,0,0.81,True,C,False
mc3r_human-3607,True,mc3r_human,3607,True,0,0.79,True,C,False
mc3r_human-3608,True,mc3r_human,3608,True,0,0.76,True,C,False
mc3r_human-3633,True,mc3r_human,3633,True,0,0.64,True,N,False
mc3r_mouse-1329,True,mc3r_mouse,1329,True,0,0.29,True,C,False
mc4r_human-1320,True,mc4r_human,1320,True,0,0.84,True,C,False
mc4r_human-1331,True,mc4r_human,1331,True,0,0.6,True,N,False
mc4r_human-1333,True,mc4r_human,1333,True,0,0.53,True,N,False
mc4r_human-1335,True,mc4r_human,1335,True,0,0.38,True,C,False
mc4r_human-3606,True,mc4r_human,3606,True,0,0.77,True,C,False
mc4r_human-3607,True,mc4r_human,3607,True,0,0.77,True,C,False
mc4r_human-3608,True,mc4r_human,3608,True,0,0.75,True,C,False
mc4r_human-3633,True,mc4r_human,3633,True,0,0.56,True,N,False
mc4r_mouse-1329,True,mc4r_mouse,1329,True,0,0.5,True,C,False
mc5r_human-1320,True,mc5r_human,1320,True,0,0.81,True,C,False
mc5r_human-1331,True,mc5r_human,1331,True,0,0.55,True,N,False
mc5r_human-1333,True,mc5r_human,1333,True,0,0.53,True,N,False
mc5r_human-1335,True,mc5r_human,1335,True,0,0.34,True,C,False
mc5r_human-3606,True,mc5r_human,3606,True,0,0.77,True,C,False
mc5r_human-3607,True,mc5r_human,3607,True,0,0.73,True,C,False
mc5r_human-3608,True,mc5r_human,3608,True,0,0.71,True,C,False
mc5r_human-3633,True,mc5r_human,3633,True,0,0.55,True,N,False
mc5r_mouse-1329,True,mc5r_mouse,1329,True,0,0.34,True,C,False
mchr1_human-1298,True,mchr1_human,1298,True,0,0.7,True,N,False
mchr1_rat-1298,True,mchr1_rat,1298,True,0,0.63,True,N,False
mchr2_human-1298,True,mchr2_human,1298,True,0,0.61,True,N,False
mrgx1_human-4058,True,mrgx1_human,4058,True,0,0.52,True,C,False
mrgx2_human-4057,True,mrgx2_human,4057,True,0,0.61,True,N,False
mshr_human-1320,True,mshr_human,1320,True,0,0.84,True,C,False
mshr_human-1331,True,mshr_human,1331,True,0,0.46,True,N,False
mshr_human-1333,True,mshr_human,1333,True,0,0.53,True,N,False
mshr_human-3606,True,mshr_human,3606,True,0,0.76,True,C,False
mshr_human-3607,True,mshr_human,3607,True,0,0.76,True,C,False
mshr_human-3608,True,mshr_human,3608,True,0,0.74,True,C,False
mshr_human-3633,True,mshr_human,3633,True,0,0.55,True,N,False
mshr_mouse-1329,True,mshr_mouse,1329,True,0,0.55,True,C,False
mtlr_human-3794,True,mtlr_human,3794,True,0,0.87,True,N,False
nk1r_human-2087,True,nk1r_human,2087,True,0,0.87,True,C,False
nk1r_human-2090,True,nk1r_human,2090,True,0,0.84,True,C,False
nk1r_human-2091,True,nk1r_human,2091,True,0,0.64,True,C,False
nk1r_human-2092,True,nk1r_human,2092,True,0,0.72,True,C,False
nk1r_human-3795,True,nk1r_human,3795,True,0,0.84,True,C,False
nk1r_human-3835,True,nk1r_human,3835,True,0,0.88,True,C,False
nk2r_cavpo-2091,True,nk2r_cavpo,2091,True,0,0.62,True,C,False
nk2r_cavpo-3667,True,nk2r_cavpo,3667,True,1,0.74,True,C,False
nk2r_cavpo-3795,True,nk2r_cavpo,3795,True,0,0.81,True,C,False
nk2r_human-2087,True,nk2r_human,2087,True,0,0.77,True,C,False
nk2r_human-2090,True,nk2r_human,2090,True,0,0.82,True,C,False
nk2r_human-3795,True,nk2r_human,3795,True,0,0.8,True,C,False
nk2r_human-3835,True,nk2r_human,3835,True,0,0.79,True,C,False
nk3r_human-2087,True,nk3r_human,2087,True,0,0.84,True,C,False
nk3r_human-2090,True,nk3r_human,2090,True,0,0.88,True,C,False
nk3r_human-3795,True,nk3r_human,3795,True,0,0.84,True,C,False
nk3r_human-3835,True,nk3r_human,3835,True,0,0.83,True,C,False
nk3r_mouse-2087,True,nk3r_mouse,2087,True,0,0.82,True,C,False
nk3r_mouse-2090,True,nk3r_mouse,2090,True,0,0.88,True,C,False
nk3r_mouse-3795,True,nk3r_mouse,3795,True,0,0.84,True,C,False
nk3r_mouse-3835,True,nk3r_mouse,3835,True,0,0.84,True,C,False
nmbr_human-3579,True,nmbr_human,3579,True,0,0.54,True,C,False
nmbr_human-3581,True,nmbr_human,3581,True,0,0.55,True,C,False
nmbr_human-3582,True,nmbr_human,3582,True,0,0.81,True,C,False
nmbr_human-3583,True,nmbr_human,3583,True,0,0.82,True,C,False
nmbr_human-612,True,nmbr_human,612,True,0,0.55,True,C,False
nmbr_human-613,True,nmbr_human,613,True,0,0.81,True,C,False
nmbr_human-6175,True,nmbr_human,6175,True,0,0.76,True,C,False
nmbr_rat-6175,True,nmbr_rat,6175,True,0,0.75,True,C,False
nmur1_human-1468,True,nmur1_human,1468,True,0,0.63,True,C,False
nmur1_human-1469,True,nmur1_human,1469,True,0,0.76,True,C,False
nmur1_human-1470,True,nmur1_human,1470,True,0,0.74,True,C,False
nmur1_human-3613,True,nmur1_human,3613,True,0,0.73,True,C,False
nmur1_human-3614,True,nmur1_human,3614,True,0,0.65,True,C,False
nmur1_human-3615,True,nmur1_human,3615,True,0,0.65,True,C,False
nmur2_human-1468,True,nmur2_human,1468,True,0,0.56,True,C,False
nmur2_human-1469,True,nmur2_human,1469,True,0,0.71,True,C,False
nmur2_human-1470,True,nmur2_human,1470,True,0,0.69,True,C,False
nmur2_human-3614,True,nmur2_human,3614,True,0,0.55,True,C,False
nmur2_human-3615,True,nmur2_human,3615,True,0,0.64,True,C,False
npbw1_human-1495,True,npbw1_human,1495,True,0,0.83,True,N,False
npbw1_human-1496,True,npbw1_human,1496,True,0,0.63,True,N,False
npbw1_human-1499,True,npbw1_human,1499,True,0,0.61,True,N,False
npbw1_human-1500,True,npbw1_human,1500,True,0,0.77,True,N,False
npbw1_human-3616,True,npbw1_human,3616,True,0,0.81,True,N,False
npbw1_human-3618,True,npbw1_human,3618,True,0,0.75,True,N,False
npbw1_human-3620,True,npbw1_human,3620,True,0,0.75,True,N,False
npbw1_human-3628,True,npbw1_human,3628,True,0,0.63,True,N,False
npbw1_human-3629,True,npbw1_human,3629,True,0,0.86,True,N,False
npbw1_human-3630,True,npbw1_human,3630,True,0,0.79,True,N,False
npbw1_human-3631,True,npbw1_human,3631,True,0,0.77,True,N,False
npbw2_human-1495,True,npbw2_human,1495,True,0,0.75,True,N,False
npbw2_human-1496,True,npbw2_human,1496,True,0,0.74,True,C,False
npbw2_human-1501,True,npbw2_human,1501,True,0,0.52,True,N,False
npbw2_human-1502,True,npbw2_human,1502,True,0,0.76,True,N,False
npbw2_human-3616,True,npbw2_human,3616,True,0,0.75,True,N,False
npbw2_human-3618,True,npbw2_human,3618,True,0,0.76,True,N,False
npbw2_human-3620,True,npbw2_human,3620,True,0,0.76,True,N,False
npbw2_human-3628,True,npbw2_human,3628,True,0,0.52,True,N,False
npbw2_human-3629,True,npbw2_human,3629,True,0,0.76,True,N,False
npbw2_human-3630,True,npbw2_human,3630,True,0,0.49,True,N,False
npbw2_human-3631,True,npbw2_human,3631,True,0,0.49,True,N,False
npff1_human-1479,True,npff1_human,1479,True,0,0.77,True,C,False
npff1_human-1873,True,npff1_human,1873,True,0,0.53,True,C,False
npff1_human-3665,True,npff1_human,3665,True,0,0.53,False,C,True
npff1_human-3735,True,npff1_human,3735,True,0,0.67,True,C,False
npff1_human-3736,True,npff1_human,3736,True,0,0.77,True,C,False
npff1_human-4016,True,npff1_human,4016,True,0,0.6,True,C,False
npff1_human-4442,True,npff1_human,4442,True,0,0.75,True,C,False
npff1_human-4443,True,npff1_human,4443,True,0,0.7,True,C,False
npff1_human-4444,True,npff1_human,4444,True,0,0.75,True,C,False
npff1_human-4445,True,npff1_human,4445,True,0,0.75,True,C,False
npff1_human-5340,True,npff1_human,5340,True,0,0.76,True,C,False
npff2_human-1479,True,npff2_human,1479,True,0,0.67,True,C,False
npff2_human-1873,True,npff2_human,1873,True,0,0.66,True,C,False
npff2_human-3665,True,npff2_human,3665,True,0,0.47,False,C,True
npff2_human-3735,True,npff2_human,3735,True,0,0.72,True,C,False
npff2_human-3736,True,npff2_human,3736,True,0,0.68,True,C,False
npff2_human-4016,True,npff2_human,4016,True,0,0.64,True,C,False
npff2_human-4442,True,npff2_human,4442,True,0,0.7,True,C,False
npff2_human-4443,True,npff2_human,4443,True,0,0.7,True,C,False
npff2_human-5340,True,npff2_human,5340,True,0,0.59,True,C,False
npsr1_human-1490,True,npsr1_human,1490,True,0,0.52,True,N,False
npsr1_human-1491,True,npsr1_human,1491,True,0,0.51,True,N,False
npsr1_human-1492,True,npsr1_human,1492,True,0,0.51,True,N,False
npy1r_human-1512,True,npy1r_human,1512,True,0,0.66,True,C,False
npy1r_human-1514,True,npy1r_human,1514,True,0,0.8,True,C,False
npy1r_human-1521,True,npy1r_human,1521,True,0,0.82,True,C,False
npy1r_human-3626,True,npy1r_human,3626,True,0,0.68,True,C,False
npy1r_rat-1513,True,npy1r_rat,1513,True,0,0.78,True,C,False
npy1r_rat-1514,True,npy1r_rat,1514,True,0,0.84,True,C,False
npy1r_rat-1515,True,npy1r_rat,1515,True,0,0.84,True,C,False
npy1r_rat-1521,True,npy1r_rat,1521,True,0,0.85,True,C,False
npy2r_human-1512,True,npy2r_human,1512,True,0,0.8,True,C,False
npy2r_human-1513,True,npy2r_human,1513,True,0,0.81,True,C,False
npy2r_human-1514,True,npy2r_human,1514,True,0,0.86,True,C,False
npy2r_human-1515,True,npy2r_human,1515,True,0,0.85,True,C,False
npy2r_human-1517,True,npy2r_human,1517,True,0,0.86,True,C,False
npy2r_human-1521,True,npy2r_human,1521,True,0,0.86,True,C,False
npy2r_human-3626,True,npy2r_human,3626,True,0,0.83,True,C,False
npy2r_human-3627,True,npy2r_human,3627,True,0,0.87,True,C,False
npy4r_human-1512,True,npy4r_human,1512,True,0,0.84,True,C,False
npy4r_human-1513,True,npy4r_human,1513,True,0,0.8,True,C,False
npy4r_human-1514,True,npy4r_human,1514,True,0,0.85,True,C,False
npy4r_human-1521,True,npy4r_human,1521,True,0,0.87,True,C,False
npy4r_human-3626,True,npy4r_human,3626,True,0,0.83,True,C,False
npy4r_mouse-1512,True,npy4r_mouse,1512,True,0,0.76,True,C,False
npy4r_mouse-1513,True,npy4r_mouse,1513,True,0,0.79,True,C,False
npy4r_mouse-1515,True,npy4r_mouse,1515,True,0,0.69,True,C,False
npy4r_rat-1512,True,npy4r_rat,1512,True,0,0.81,True,C,False
npy4r_rat-1513,True,npy4r_rat,1513,True,0,0.82,True,C,False
npy4r_rat-1514,True,npy4r_rat,1514,True,0,0.76,True,C,False
npy4r_rat-1515,True,npy4r_rat,1515,True,0,0.78,True,C,False
npy4r_rat-1521,True,npy4r_rat,1521,True,0,0.79,True,C,False
npy4r_rat-1554,True,npy4r_rat,1554,True,0,0.77,True,C,False
npy5r_human-1512,True,npy5r_human,1512,True,0,0.84,True,C,False
npy5r_human-1513,True,npy5r_human,1513,True,0,0.82,True,C,False
npy5r_human-1514,True,npy5r_human,1514,True,0,0.87,True,C,False
npy5r_human-1515,True,npy5r_human,1515,True,0,0.87,True,C,False
npy5r_human-1521,True,npy5r_human,1521,True,0,0.83,True,C,False
npy5r_human-1554,True,npy5r_human,1554,True,0,0.86,True,C,False
npy5r_human-3626,True,npy5r_human,3626,True,0,0.82,True,C,False
npy5r_rat-1512,True,npy5r_rat,1512,True,0,0.75,True,C,False
npy5r_rat-1513,True,npy5r_rat,1513,True,0,0.81,True,C,False
npy5r_rat-1515,True,npy5r_rat,1515,True,0,0.87,True,C,False
npy5r_rat-1521,True,npy5r_rat,1521,True,0,0.84,True,C,False
npy5r_rat-1554,True,npy5r_rat,1554,True,0,0.86,True,C,False
ntr1_human-1576,True,ntr1_human,1576,True,0,0.67,True,C,False
ntr1_human-1577,True,ntr1_human,1577,False,,,True,C,False
ntr1_human-3625,True,ntr1_human,3625,True,0,0.87,True,C,False
ntr1_human-3830,True,ntr1_human,3830,True,0,0.77,False,C,True
ntr1_human-5303,True,ntr1_human,5303,True,0,0.66,True,C,False
ntr1_human-5304,True,ntr1_human,5304,True,0,0.67,True,C,False
ntr1_rat-1578,True,ntr1_rat,1578,True,0,0.92,True,C,False
ntr1_rat-3830,True,ntr1_rat,3830,True,0,0.77,False,C,True
ntr2_human-3625,True,ntr2_human,3625,True,0,0.83,True,C,False
ntr2_human-3830,True,ntr2_human,3830,True,0,0.77,False,C,True
ntr2_mouse-1578,True,ntr2_mouse,1578,True,0,0.86,True,C,False
ntr2_mouse-1587,True,ntr2_mouse,1587,True,0,0.59,True,C,False
ntr2_mouse-3830,True,ntr2_mouse,3830,True,0,0.78,False,C,True
ntr2_rat-1578,True,ntr2_rat,1578,True,0,0.86,True,C,False
ntr2_rat-3830,True,ntr2_rat,3830,True,0,0.74,False,C,True
oprd_human-1613,True,oprd_human,1613,True,0,0.59,True,N,False
oprd_human-1619,True,oprd_human,1619,True,0,0.55,True,N,False
oprd_human-1620,True,oprd_human,1620,True,2,0.46,True,N,False
oprd_human-1621,True,oprd_human,1621,True,0,0.56,True,N,False
oprd_human-1622,True,oprd_human,1622,True,0,0.48,True,N,False
oprd_human-1623,True,oprd_human,1623,True,0,0.62,True,N,False
oprd_human-1643,True,oprd_human,1643,True,0,0.43,True,N,False
oprd_human-3722,True,oprd_human,3722,True,0,0.43,True,N,False
oprd_human-3723,True,oprd_human,3723,True,0,0.44,True,N,False
oprd_mouse-1613,True,oprd_mouse,1613,True,0,0.59,True,C,False
oprd_mouse-1614,True,oprd_mouse,1614,True,0,0.61,True,N,False
oprd_mouse-1643,True,oprd_mouse,1643,True,0,0.41,True,N,False
oprd_mouse-3737,True,oprd_mouse,3737,True,0,0.59,True,N,False
oprk_human-1619,True,oprk_human,1619,True,0,0.55,True,N,False
oprk_human-1620,True,oprk_human,1620,True,0,0.5,True,N,False
oprk_human-1621,True,oprk_human,1621,True,0,0.55,True,N,False
oprk_human-1622,True,oprk_human,1622,True,0,0.51,True,N,False
oprk_human-1643,True,oprk_human,1643,True,0,0.36,True,N,False
oprk_human-1644,True,oprk_human,1644,True,0,0.57,True,N,False
oprk_human-3669,True,oprk_human,3669,True,0,0.42,True,N,False
oprk_human-3722,True,oprk_human,3722,True,0,0.37,True,N,False
oprk_human-3723,True,oprk_human,3723,True,0,0.36,True,N,False
oprk_human-3737,True,oprk_human,3737,True,0,0.58,True,N,False
oprk_mouse-1620,True,oprk_mouse,1620,True,0,0.52,True,N,False
oprk_mouse-1621,True,oprk_mouse,1621,True,0,0.56,True,N,False
oprk_mouse-1622,True,oprk_mouse,1622,True,0,0.53,True,N,False
oprk_mouse-1643,True,oprk_mouse,1643,True,0,0.38,True,N,False
oprk_mouse-3737,True,oprk_mouse,3737,True,0,0.6,True,N,False
oprk_rat-1613,True,oprk_rat,1613,True,0,0.57,True,C,False
oprk_rat-1614,True,oprk_rat,1614,True,0,0.56,True,N,False
oprk_rat-1619,True,oprk_rat,1619,True,0,0.58,True,N,False
oprk_rat-1620,True,oprk_rat,1620,True,0,0.52,True,N,False
oprk_rat-1622,True,oprk_rat,1622,True,0,0.51,True,N,False
oprk_rat-1643,True,oprk_rat,1643,True,0,0.37,True,N,False
oprk_rat-1644,True,oprk_rat,1644,True,0,0.61,True,N,False
oprk_rat-3737,True,oprk_rat,3737,True,0,0.6,True,N,False
oprm_human-1613,True,oprm_human,1613,True,0,0.62,True,N,False
oprm_human-1619,True,oprm_human,1619,True,0,0.61,True,N,False
oprm_human-1620,True,oprm_human,1620,True,0,0.52,True,N,False
oprm_human-1621,True,oprm_human,1621,True,0,0.61,True,N,False
oprm_human-1622,True,oprm_human,1622,True,0,0.52,True,N,False
oprm_human-1623,True,oprm_human,1623,True,0,0.78,True,N,False
oprm_human-1643,True,oprm_human,1643,True,0,0.45,True,N,False
oprm_human-3722,True,oprm_human,3722,True,0,0.52,True,N,False
oprm_human-3723,True,oprm_human,3723,True,0,0.45,True,N,False
oprm_rat-1614,True,oprm_rat,1614,True,0,0.63,True,N,False
oprm_rat-3668,True,oprm_rat,3668,True,0,0.58,True,C,False
oprx_human-1688,True,oprx_human,1688,True,0,0.56,True,N,False
oprx_mouse-1688,True,oprx_mouse,1688,True,0,0.8,True,N,False
ox1r_human-1697,True,ox1r_human,1697,True,0,0.56,False,C,True
ox1r_human-1699,True,ox1r_human,1699,True,0,0.61,True,C,False
ox1r_human-3720,True,ox1r_human,3720,True,0,0.49,True,C,False
ox2r_human-1697,True,ox2r_human,1697,True,0,0.68,False,C,True
ox2r_human-1699,True,ox2r_human,1699,True,0,0.76,True,C,False
ox2r_human-3720,True,ox2r_human,3720,True,0,0.74,True,C,False
oxyr_human-2168,True,oxyr_human,2168,True,0,0.88,True,N,False
oxyr_human-2176,True,oxyr_human,2176,True,0,0.88,True,N,False
oxyr_rat-2176,True,oxyr_rat,2176,True,0,0.9,True,N,False
par1_human-4453,True,par1_human,4453,False,,,True,N,False
par3_human-4453,True,par3_human,4453,True,0,0.68,True,N,False
par4_human-3570,True,par4_human,3570,True,0,0.72,True,C,False
par4_human-3571,True,par4_human,3571,True,0,0.7,True,N,False
par4_human-3572,True,par4_human,3572,True,0,0.75,True,C,False
par4_human-4456,True,par4_human,4456,False,,,True,N,False
pkr1_human-1866,True,pkr1_human,1866,True,0,0.85,True,N,False
pkr1_human-1867,True,pkr1_human,1867,True,0,0.79,True,N,False
pkr1_human-1868,True,pkr1_human,1868,True,0,0.89,True,N,False
pkr1_human-3715,True,pkr1_human,3715,True,0,0.85,True,N,False
pkr1_human-3716,True,pkr1_human,3716,True,0,0.86,True,N,False
pkr1_human-3717,True,pkr1_human,3717,True,0,0.84,True,N,False
pkr2_human-1866,True,pkr2_human,1866,True,0,0.85,True,N,False
pkr2_human-1867,True,pkr2_human,1867,True,0,0.8,True,N,False
pkr2_human-1868,True,pkr2_human,1868,True,0,0.89,True,N,False
pkr2_human-3715,True,pkr2_human,3715,True,0,0.85,True,N,False
pkr2_human-3716,True,pkr2_human,3716,True,0,0.85,True,N,False
pkr2_human-3717,True,pkr2_human,3717,True,0,0.84,True,N,False
prlhr_human-1521,True,prlhr_human,1521,True,0,0.48,True,C,False
prlhr_human-1871,True,prlhr_human,1871,True,0,0.73,True,C,False
prlhr_human-1872,True,prlhr_human,1872,True,0,0.73,True,C,False
prlhr_human-1873,True,prlhr_human,1873,True,0,0.62,True,C,False
prlhr_human-1874,True,prlhr_human,1874,True,0,0.6,True,C,False
prlhr_human-3738,True,prlhr_human,3738,True,0,0.24,True,N,False
q5y986_rat-11923,True,q5y986_rat,11923,True,0,0.81,False,C,False
q9erc0_rat-1521,True,q9erc0_rat,1521,True,0,0.87,True,C,False
qrfpr_human-3665,True,qrfpr_human,3665,True,0,0.68,False,C,True
qrfpr_human-3713,True,qrfpr_human,3713,True,0,0.68,False,C,True
qrfpr_human-5895,True,qrfpr_human,5895,True,0,0.83,True,C,False
qrfpr_mouse-3665,True,qrfpr_mouse,3665,True,0,0.69,False,C,True
qrfpr_mouse-3712,True,qrfpr_mouse,3712,True,0,0.69,False,C,True
qrfpr_mouse-5896,True,qrfpr_mouse,5896,True,0,0.82,True,C,False
qrfpr_rat-10251,True,qrfpr_rat,10251,True,0,0.81,True,C,False
qrfpr_rat-3665,True,qrfpr_rat,3665,True,0,0.69,False,C,True
rl3r1_human-1989,True,rl3r1_human,1989,True,0,0.83,True,C,False
rl3r1_human-1990,True,rl3r1_human,1990,True,0,0.86,False,C,False
rl3r1_human-1997,True,rl3r1_human,1997,True,0,0.69,True,C,False
rl3r1_human-2000,False,rl3r1_human,2000,False,,,True,C,False
rl3r2_human-1990,True,rl3r2_human,1990,True,0,0.83,False,C,False
rl3r2_human-1997,True,rl3r2_human,1997,True,0,0.74,True,C,False
rl3r2_human-2000,False,rl3r2_human,2000,False,,,True,C,False
rl3r2_mouse-6519,False,rl3r2_mouse,6519,False,,,True,C,False
rxfp1_human-1988,False,rxfp1_human,1988,False,,,True,C,False
rxfp1_human-1989,False,rxfp1_human,1989,False,,,True,C,False
rxfp1_human-1990,False,rxfp1_human,1990,False,,,True,C,False
rxfp2_human-1988,True,rxfp2_human,1988,True,0,0.87,True,N,False
rxfp2_human-1989,True,rxfp2_human,1989,True,0,0.88,True,C,False
rxfp2_human-1990,True,rxfp2_human,1990,True,0,0.83,False,N,False
rxfp2_human-1995,True,rxfp2_human,1995,True,0,0.83,True,N,False
ssr1_human-2007,True,ssr1_human,2007,True,0,0.68,True,N,False
ssr1_human-2008,True,ssr1_human,2008,True,0,0.63,True,C,False
ssr1_human-2019,True,ssr1_human,2019,True,0,0.79,True,C,False
ssr1_human-2020,True,ssr1_human,2020,True,0,0.47,True,C,False
ssr1_rat-2019,True,ssr1_rat,2019,True,0,0.59,True,C,False
ssr2_human-2007,True,ssr2_human,2007,True,0,0.83,True,N,False
ssr2_human-2008,True,ssr2_human,2008,True,0,0.78,True,C,False
ssr2_human-2019,True,ssr2_human,2019,True,0,0.9,True,C,False
ssr2_human-2020,True,ssr2_human,2020,True,0,0.73,True,C,False
ssr2_mouse-2019,True,ssr2_mouse,2019,True,0,0.9,True,C,False
ssr2_mouse-2020,True,ssr2_mouse,2020,True,0,0.73,True,C,False
ssr2_rat-2019,True,ssr2_rat,2019,True,0,0.9,True,C,False
ssr2_rat-2020,True,ssr2_rat,2020,True,0,0.73,True,C,False
ssr3_human-2007,True,ssr3_human,2007,True,0,0.79,True,N,False
ssr3_human-2008,True,ssr3_human,2008,True,0,0.8,True,C,False
ssr3_human-2019,True,ssr3_human,2019,True,0,0.84,True,C,False
ssr3_human-2020,True,ssr3_human,2020,True,0,0.61,True,C,False
ssr3_mouse-2019,True,ssr3_mouse,2019,True,0,0.84,True,C,False
ssr3_mouse-2020,True,ssr3_mouse,2020,True,0,0.63,True,C,False
ssr3_rat-2019,True,ssr3_rat,2019,True,0,0.84,True,C,False
ssr3_rat-2020,True,ssr3_rat,2020,True,0,0.63,True,C,False
ssr4_human-2007,True,ssr4_human,2007,True,0,0.62,True,N,False
ssr4_human-2008,True,ssr4_human,2008,True,0,0.58,True,C,False
ssr4_human-2019,True,ssr4_human,2019,True,0,0.79,True,C,False
ssr4_human-2020,True,ssr4_human,2020,True,0,0.63,True,C,False
ssr4_rat-2019,True,ssr4_rat,2019,True,0,0.79,True,C,False
ssr5_human-2007,True,ssr5_human,2007,True,0,0.84,True,C,False
ssr5_human-2008,True,ssr5_human,2008,True,0,0.82,True,C,False
ssr5_human-2019,True,ssr5_human,2019,True,0,0.86,True,C,False
ssr5_human-2020,True,ssr5_human,2020,True,0,0.7,True,C,False
ssr5_mouse-2007,True,ssr5_mouse,2007,True,0,0.87,True,N,False
ssr5_mouse-2008,True,ssr5_mouse,2008,True,0,0.82,True,C,False
ssr5_mouse-2019,True,ssr5_mouse,2019,True,0,0.87,True,C,False
ssr5_mouse-2020,True,ssr5_mouse,2020,True,0,0.72,True,C,False
ssr5_rat-2019,True,ssr5_rat,2019,True,0,0.87,True,C,False
ssr5_rat-2020,True,ssr5_rat,2020,True,0,0.71,True,C,False
trfr_rat-3836,True,trfr_rat,3836,True,0,0.71,False,C,True
tshr_human-3920,True,tshr_human,3920,True,0,0.9,False,N,True
ur2r_human-2153,True,ur2r_human,2153,True,0,0.82,True,C,False
ur2r_human-2154,True,ur2r_human,2154,True,0,0.73,True,C,False
ur2r_human-2155,True,ur2r_human,2155,True,0,0.73,True,C,False
ur2r_human-2156,True,ur2r_human,2156,True,0,0.87,True,C,False
ur2r_mouse-2153,True,ur2r_mouse,2153,True,0,0.84,True,C,False
ur2r_mouse-2154,True,ur2r_mouse,2154,True,0,0.72,True,C,False
ur2r_mouse-2155,True,ur2r_mouse,2155,True,0,0.79,True,C,False
ur2r_rat-2153,True,ur2r_rat,2153,True,0,0.82,True,C,False
ur2r_rat-2154,True,ur2r_rat,2154,True,0,0.75,True,C,False
ur2r_rat-2155,True,ur2r_rat,2155,True,0,0.73,True,C,False
v1ar_human-2168,True,v1ar_human,2168,True,0,0.91,True,N,False
v1ar_human-2176,True,v1ar_human,2176,True,0,0.89,True,N,False
v1ar_rat-2168,True,v1ar_rat,2168,True,0,0.88,True,N,False
v1ar_rat-2176,True,v1ar_rat,2176,True,0,0.89,True,N,False
v1br_human-2168,True,v1br_human,2168,True,0,0.89,True,N,False
v1br_human-2176,True,v1br_human,2176,True,0,0.89,True,N,False
v1br_rat-2168,True,v1br_rat,2168,True,0,0.89,True,N,False
v2r_human-2168,True,v2r_human,2168,True,0,0.9,True,N,False
v2r_human-2176,True,v2r_human,2176,True,0,0.9,True,N,False
xcr1_human-3647,True,xcr1_human,3647,True,0,0.68,True,N,False
xcr1_human-4370,True,xcr1_human,4370,True,0,0.64,True,N,False
xcr1_human-4446,True,xcr1_human,4446,True,0,0.67,True,N,False
xcr1_human-4447,True,xcr1_human,4447,True,0,0.69,True,N,False
